Front,Back,Tags
What is the role of Foundation models in Foundation Models Changed the Build Sequence?,"In Foundation Models Changed the Build Sequence, Foundation models supports the broader harness mechanism and reduces production failure risk.","section:foundations, chapter:foundation-models-changed-build-sequence, density-layer:1, definition/purpose"
What should a harness do immediately after identifying the need for Foundation models in Foundation Models Changed the Build Sequence?,"It should map Foundation models into the runtime loop, state boundary, and verification flow so the chapter's design choice becomes operational.","section:foundations, chapter:foundation-models-changed-build-sequence, density-layer:1, sequence/order"
Why would a real product team care about Foundation models from Foundation Models Changed the Build Sequence?,"Because weak Foundation models often causes drift, hidden defects, or brittle long-task behavior even when the model seems strong.","section:foundations, chapter:foundation-models-changed-build-sequence, density-layer:1, application/scenario"
What trade-off does Foundation Models Changed the Build Sequence highlight around Foundation models?,"The chapter shows that stronger control around Foundation models adds structure and overhead, but improves reliability, observability, and safety.","section:foundations, chapter:foundation-models-changed-build-sequence, density-layer:1, comparison/trade-off"
What is the role of POC canvas in Canvas Planning Shows the Demo-to-Production Gap?,"In Canvas Planning Shows the Demo-to-Production Gap, POC canvas supports the broader harness mechanism and reduces production failure risk.","section:foundations, chapter:canvas-planning-demo-production-gap, density-layer:2, definition/purpose"
What should a harness do immediately after identifying the need for POC canvas in Canvas Planning Shows the Demo-to-Production Gap?,"It should map POC canvas into the runtime loop, state boundary, and verification flow so the chapter's design choice becomes operational.","section:foundations, chapter:canvas-planning-demo-production-gap, density-layer:2, sequence/order"
Why would a real product team care about POC canvas from Canvas Planning Shows the Demo-to-Production Gap?,"Because weak POC canvas often causes drift, hidden defects, or brittle long-task behavior even when the model seems strong.","section:foundations, chapter:canvas-planning-demo-production-gap, density-layer:2, application/scenario"
What trade-off does Canvas Planning Shows the Demo-to-Production Gap highlight around POC canvas?,"The chapter shows that stronger control around POC canvas adds structure and overhead, but improves reliability, observability, and safety.","section:foundations, chapter:canvas-planning-demo-production-gap, density-layer:2, comparison/trade-off"
What is the role of Agent harness in What the Agent Harness Actually Is?,"In What the Agent Harness Actually Is, Agent harness supports the broader harness mechanism and reduces production failure risk.","section:definition, chapter:what-the-agent-harness-actually-is, density-layer:1, definition/purpose"
What should a harness do immediately after identifying the need for Agent harness in What the Agent Harness Actually Is?,"It should map Agent harness into the runtime loop, state boundary, and verification flow so the chapter's design choice becomes operational.","section:definition, chapter:what-the-agent-harness-actually-is, density-layer:1, sequence/order"
Why would a real product team care about Agent harness from What the Agent Harness Actually Is?,"Because weak Agent harness often causes drift, hidden defects, or brittle long-task behavior even when the model seems strong.","section:definition, chapter:what-the-agent-harness-actually-is, density-layer:1, application/scenario"
What trade-off does What the Agent Harness Actually Is highlight around Agent harness?,"The chapter shows that stronger control around Agent harness adds structure and overhead, but improves reliability, observability, and safety.","section:definition, chapter:what-the-agent-harness-actually-is, density-layer:1, comparison/trade-off"
"What is the role of Prompt engineering in Prompt, Context, and Harness Engineering?","In Prompt, Context, and Harness Engineering, Prompt engineering supports the broader harness mechanism and reduces production failure risk.","section:definition, chapter:prompt-context-harness-engineering, density-layer:1, definition/purpose"
"What should a harness do immediately after identifying the need for Prompt engineering in Prompt, Context, and Harness Engineering?","It should map Prompt engineering into the runtime loop, state boundary, and verification flow so the chapter's design choice becomes operational.","section:definition, chapter:prompt-context-harness-engineering, density-layer:1, sequence/order"
"Why would a real product team care about Prompt engineering from Prompt, Context, and Harness Engineering?","Because weak Prompt engineering often causes drift, hidden defects, or brittle long-task behavior even when the model seems strong.","section:definition, chapter:prompt-context-harness-engineering, density-layer:1, application/scenario"
"What trade-off does Prompt, Context, and Harness Engineering highlight around Prompt engineering?","The chapter shows that stronger control around Prompt engineering adds structure and overhead, but improves reliability, observability, and safety.","section:definition, chapter:prompt-context-harness-engineering, density-layer:1, comparison/trade-off"
What is the role of The Orchestration Loop in The Orchestration Loop?,"In The Orchestration Loop, The Orchestration Loop supports the broader harness mechanism and reduces production failure risk.","section:the-11-components, chapter:orchestration-loop, density-layer:2, definition/purpose"
What should a harness do immediately after identifying the need for The Orchestration Loop in The Orchestration Loop?,"It should map The Orchestration Loop into the runtime loop, state boundary, and verification flow so the chapter's design choice becomes operational.","section:the-11-components, chapter:orchestration-loop, density-layer:2, sequence/order"
Why would a real product team care about The Orchestration Loop from The Orchestration Loop?,"Because weak The Orchestration Loop often causes drift, hidden defects, or brittle long-task behavior even when the model seems strong.","section:the-11-components, chapter:orchestration-loop, density-layer:2, application/scenario"
What trade-off does The Orchestration Loop highlight around The Orchestration Loop?,"The chapter shows that stronger control around The Orchestration Loop adds structure and overhead, but improves reliability, observability, and safety.","section:the-11-components, chapter:orchestration-loop, density-layer:2, comparison/trade-off"
What is the role of Tools in Tools?,"In Tools, Tools supports the broader harness mechanism and reduces production failure risk.","section:the-11-components, chapter:tools, density-layer:2, definition/purpose"
What should a harness do immediately after identifying the need for Tools in Tools?,"It should map Tools into the runtime loop, state boundary, and verification flow so the chapter's design choice becomes operational.","section:the-11-components, chapter:tools, density-layer:2, sequence/order"
Why would a real product team care about Tools from Tools?,"Because weak Tools often causes drift, hidden defects, or brittle long-task behavior even when the model seems strong.","section:the-11-components, chapter:tools, density-layer:2, application/scenario"
What trade-off does Tools highlight around Tools?,"The chapter shows that stronger control around Tools adds structure and overhead, but improves reliability, observability, and safety.","section:the-11-components, chapter:tools, density-layer:2, comparison/trade-off"
What is the role of Memory in Memory?,"In Memory, Memory supports the broader harness mechanism and reduces production failure risk.","section:the-11-components, chapter:memory, density-layer:2, definition/purpose"
What should a harness do immediately after identifying the need for Memory in Memory?,"It should map Memory into the runtime loop, state boundary, and verification flow so the chapter's design choice becomes operational.","section:the-11-components, chapter:memory, density-layer:2, sequence/order"
Why would a real product team care about Memory from Memory?,"Because weak Memory often causes drift, hidden defects, or brittle long-task behavior even when the model seems strong.","section:the-11-components, chapter:memory, density-layer:2, application/scenario"
What trade-off does Memory highlight around Memory?,"The chapter shows that stronger control around Memory adds structure and overhead, but improves reliability, observability, and safety.","section:the-11-components, chapter:memory, density-layer:2, comparison/trade-off"
What is the role of Context Management in Context Management?,"In Context Management, Context Management supports the broader harness mechanism and reduces production failure risk.","section:the-11-components, chapter:context-management, density-layer:2, definition/purpose"
What should a harness do immediately after identifying the need for Context Management in Context Management?,"It should map Context Management into the runtime loop, state boundary, and verification flow so the chapter's design choice becomes operational.","section:the-11-components, chapter:context-management, density-layer:2, sequence/order"
Why would a real product team care about Context Management from Context Management?,"Because weak Context Management often causes drift, hidden defects, or brittle long-task behavior even when the model seems strong.","section:the-11-components, chapter:context-management, density-layer:2, application/scenario"
What trade-off does Context Management highlight around Context Management?,"The chapter shows that stronger control around Context Management adds structure and overhead, but improves reliability, observability, and safety.","section:the-11-components, chapter:context-management, density-layer:2, comparison/trade-off"
What is the role of Prompt Construction in Prompt Construction?,"In Prompt Construction, Prompt Construction supports the broader harness mechanism and reduces production failure risk.","section:the-11-components, chapter:prompt-construction, density-layer:1, definition/purpose"
What should a harness do immediately after identifying the need for Prompt Construction in Prompt Construction?,"It should map Prompt Construction into the runtime loop, state boundary, and verification flow so the chapter's design choice becomes operational.","section:the-11-components, chapter:prompt-construction, density-layer:1, sequence/order"
Why would a real product team care about Prompt Construction from Prompt Construction?,"Because weak Prompt Construction often causes drift, hidden defects, or brittle long-task behavior even when the model seems strong.","section:the-11-components, chapter:prompt-construction, density-layer:1, application/scenario"
What trade-off does Prompt Construction highlight around Prompt Construction?,"The chapter shows that stronger control around Prompt Construction adds structure and overhead, but improves reliability, observability, and safety.","section:the-11-components, chapter:prompt-construction, density-layer:1, comparison/trade-off"
What is the role of Output Parsing in Output Parsing?,"In Output Parsing, Output Parsing supports the broader harness mechanism and reduces production failure risk.","section:the-11-components, chapter:output-parsing, density-layer:1, definition/purpose"
What should a harness do immediately after identifying the need for Output Parsing in Output Parsing?,"It should map Output Parsing into the runtime loop, state boundary, and verification flow so the chapter's design choice becomes operational.","section:the-11-components, chapter:output-parsing, density-layer:1, sequence/order"
Why would a real product team care about Output Parsing from Output Parsing?,"Because weak Output Parsing often causes drift, hidden defects, or brittle long-task behavior even when the model seems strong.","section:the-11-components, chapter:output-parsing, density-layer:1, application/scenario"
What trade-off does Output Parsing highlight around Output Parsing?,"The chapter shows that stronger control around Output Parsing adds structure and overhead, but improves reliability, observability, and safety.","section:the-11-components, chapter:output-parsing, density-layer:1, comparison/trade-off"
What is the role of State Management in State Management?,"In State Management, State Management supports the broader harness mechanism and reduces production failure risk.","section:the-11-components, chapter:state-management, density-layer:2, definition/purpose"
What should a harness do immediately after identifying the need for State Management in State Management?,"It should map State Management into the runtime loop, state boundary, and verification flow so the chapter's design choice becomes operational.","section:the-11-components, chapter:state-management, density-layer:2, sequence/order"
Why would a real product team care about State Management from State Management?,"Because weak State Management often causes drift, hidden defects, or brittle long-task behavior even when the model seems strong.","section:the-11-components, chapter:state-management, density-layer:2, application/scenario"
What trade-off does State Management highlight around State Management?,"The chapter shows that stronger control around State Management adds structure and overhead, but improves reliability, observability, and safety.","section:the-11-components, chapter:state-management, density-layer:2, comparison/trade-off"
What is the role of Error Handling in Error Handling?,"In Error Handling, Error Handling supports the broader harness mechanism and reduces production failure risk.","section:the-11-components, chapter:error-handling, density-layer:2, definition/purpose"
What should a harness do immediately after identifying the need for Error Handling in Error Handling?,"It should map Error Handling into the runtime loop, state boundary, and verification flow so the chapter's design choice becomes operational.","section:the-11-components, chapter:error-handling, density-layer:2, sequence/order"
Why would a real product team care about Error Handling from Error Handling?,"Because weak Error Handling often causes drift, hidden defects, or brittle long-task behavior even when the model seems strong.","section:the-11-components, chapter:error-handling, density-layer:2, application/scenario"
What trade-off does Error Handling highlight around Error Handling?,"The chapter shows that stronger control around Error Handling adds structure and overhead, but improves reliability, observability, and safety.","section:the-11-components, chapter:error-handling, density-layer:2, comparison/trade-off"
What is the role of Guardrails and Safety in Guardrails and Safety?,"In Guardrails and Safety, Guardrails and Safety supports the broader harness mechanism and reduces production failure risk.","section:the-11-components, chapter:guardrails-and-safety, density-layer:2, definition/purpose"
What should a harness do immediately after identifying the need for Guardrails and Safety in Guardrails and Safety?,"It should map Guardrails and Safety into the runtime loop, state boundary, and verification flow so the chapter's design choice becomes operational.","section:the-11-components, chapter:guardrails-and-safety, density-layer:2, sequence/order"
Why would a real product team care about Guardrails and Safety from Guardrails and Safety?,"Because weak Guardrails and Safety often causes drift, hidden defects, or brittle long-task behavior even when the model seems strong.","section:the-11-components, chapter:guardrails-and-safety, density-layer:2, application/scenario"
What trade-off does Guardrails and Safety highlight around Guardrails and Safety?,"The chapter shows that stronger control around Guardrails and Safety adds structure and overhead, but improves reliability, observability, and safety.","section:the-11-components, chapter:guardrails-and-safety, density-layer:2, comparison/trade-off"
What is the role of Verification Loops in Verification Loops?,"In Verification Loops, Verification Loops supports the broader harness mechanism and reduces production failure risk.","section:the-11-components, chapter:verification-loops, density-layer:2, definition/purpose"
What should a harness do immediately after identifying the need for Verification Loops in Verification Loops?,"It should map Verification Loops into the runtime loop, state boundary, and verification flow so the chapter's design choice becomes operational.","section:the-11-components, chapter:verification-loops, density-layer:2, sequence/order"
Why would a real product team care about Verification Loops from Verification Loops?,"Because weak Verification Loops often causes drift, hidden defects, or brittle long-task behavior even when the model seems strong.","section:the-11-components, chapter:verification-loops, density-layer:2, application/scenario"
What trade-off does Verification Loops highlight around Verification Loops?,"The chapter shows that stronger control around Verification Loops adds structure and overhead, but improves reliability, observability, and safety.","section:the-11-components, chapter:verification-loops, density-layer:2, comparison/trade-off"
What is the role of Subagent Orchestration in Subagent Orchestration?,"In Subagent Orchestration, Subagent Orchestration supports the broader harness mechanism and reduces production failure risk.","section:the-11-components, chapter:subagent-orchestration, density-layer:2, definition/purpose"
What should a harness do immediately after identifying the need for Subagent Orchestration in Subagent Orchestration?,"It should map Subagent Orchestration into the runtime loop, state boundary, and verification flow so the chapter's design choice becomes operational.","section:the-11-components, chapter:subagent-orchestration, density-layer:2, sequence/order"
Why would a real product team care about Subagent Orchestration from Subagent Orchestration?,"Because weak Subagent Orchestration often causes drift, hidden defects, or brittle long-task behavior even when the model seems strong.","section:the-11-components, chapter:subagent-orchestration, density-layer:2, application/scenario"
What trade-off does Subagent Orchestration highlight around Subagent Orchestration?,"The chapter shows that stronger control around Subagent Orchestration adds structure and overhead, but improves reliability, observability, and safety.","section:the-11-components, chapter:subagent-orchestration, density-layer:2, comparison/trade-off"
What is the role of Termination condition in Step-by-Step Walkthrough and the Ralph Loop?,"In Step-by-Step Walkthrough and the Ralph Loop, Termination condition supports the broader harness mechanism and reduces production failure risk.","section:synthesis, chapter:walkthrough-and-ralph-loop, density-layer:2, definition/purpose"
What should a harness do immediately after identifying the need for Termination condition in Step-by-Step Walkthrough and the Ralph Loop?,"It should map Termination condition into the runtime loop, state boundary, and verification flow so the chapter's design choice becomes operational.","section:synthesis, chapter:walkthrough-and-ralph-loop, density-layer:2, sequence/order"
Why would a real product team care about Termination condition from Step-by-Step Walkthrough and the Ralph Loop?,"Because weak Termination condition often causes drift, hidden defects, or brittle long-task behavior even when the model seems strong.","section:synthesis, chapter:walkthrough-and-ralph-loop, density-layer:2, application/scenario"
What trade-off does Step-by-Step Walkthrough and the Ralph Loop highlight around Termination condition?,"The chapter shows that stronger control around Termination condition adds structure and overhead, but improves reliability, observability, and safety.","section:synthesis, chapter:walkthrough-and-ralph-loop, density-layer:2, comparison/trade-off"
What is the role of Code-first runner in How Frameworks Implement the Pattern?,"In How Frameworks Implement the Pattern, Code-first runner supports the broader harness mechanism and reduces production failure risk.","section:synthesis, chapter:how-frameworks-implement-the-pattern, density-layer:2, definition/purpose"
What should a harness do immediately after identifying the need for Code-first runner in How Frameworks Implement the Pattern?,"It should map Code-first runner into the runtime loop, state boundary, and verification flow so the chapter's design choice becomes operational.","section:synthesis, chapter:how-frameworks-implement-the-pattern, density-layer:2, sequence/order"
Why would a real product team care about Code-first runner from How Frameworks Implement the Pattern?,"Because weak Code-first runner often causes drift, hidden defects, or brittle long-task behavior even when the model seems strong.","section:synthesis, chapter:how-frameworks-implement-the-pattern, density-layer:2, application/scenario"
What trade-off does How Frameworks Implement the Pattern highlight around Code-first runner?,"The chapter shows that stronger control around Code-first runner adds structure and overhead, but improves reliability, observability, and safety.","section:synthesis, chapter:how-frameworks-implement-the-pattern, density-layer:2, comparison/trade-off"
"What is the role of Scaffolding metaphor in Scaffolding, Co-Evolution, and the Future-Proofing Test?","In Scaffolding, Co-Evolution, and the Future-Proofing Test, Scaffolding metaphor supports the broader harness mechanism and reduces production failure risk.","section:synthesis, chapter:scaffolding-coevolution-future-proofing, density-layer:2, definition/purpose"
"What should a harness do immediately after identifying the need for Scaffolding metaphor in Scaffolding, Co-Evolution, and the Future-Proofing Test?","It should map Scaffolding metaphor into the runtime loop, state boundary, and verification flow so the chapter's design choice becomes operational.","section:synthesis, chapter:scaffolding-coevolution-future-proofing, density-layer:2, sequence/order"
"Why would a real product team care about Scaffolding metaphor from Scaffolding, Co-Evolution, and the Future-Proofing Test?","Because weak Scaffolding metaphor often causes drift, hidden defects, or brittle long-task behavior even when the model seems strong.","section:synthesis, chapter:scaffolding-coevolution-future-proofing, density-layer:2, application/scenario"
"What trade-off does Scaffolding, Co-Evolution, and the Future-Proofing Test highlight around Scaffolding metaphor?","The chapter shows that stronger control around Scaffolding metaphor adds structure and overhead, but improves reliability, observability, and safety.","section:synthesis, chapter:scaffolding-coevolution-future-proofing, density-layer:2, comparison/trade-off"
What is the role of Harness thickness in Seven Architectural Decisions and the Final Takeaway?,"In Seven Architectural Decisions and the Final Takeaway, Harness thickness supports the broader harness mechanism and reduces production failure risk.","section:synthesis, chapter:seven-architectural-decisions-and-final-takeaway, density-layer:3, definition/purpose"
What should a harness do immediately after identifying the need for Harness thickness in Seven Architectural Decisions and the Final Takeaway?,"It should map Harness thickness into the runtime loop, state boundary, and verification flow so the chapter's design choice becomes operational.","section:synthesis, chapter:seven-architectural-decisions-and-final-takeaway, density-layer:3, sequence/order"
Why would a real product team care about Harness thickness from Seven Architectural Decisions and the Final Takeaway?,"Because weak Harness thickness often causes drift, hidden defects, or brittle long-task behavior even when the model seems strong.","section:synthesis, chapter:seven-architectural-decisions-and-final-takeaway, density-layer:3, application/scenario"
What trade-off does Seven Architectural Decisions and the Final Takeaway highlight around Harness thickness?,"The chapter shows that stronger control around Harness thickness adds structure and overhead, but improves reliability, observability, and safety.","section:synthesis, chapter:seven-architectural-decisions-and-final-takeaway, density-layer:3, comparison/trade-off"
What is the role of Harness thickness in Seven Architectural Decisions and the Final Takeaway?,"In Seven Architectural Decisions and the Final Takeaway, Harness thickness supports the broader harness mechanism and reduces production failure risk.","section:synthesis, chapter:seven-architectural-decisions-and-final-takeaway, density-layer:3, definition/purpose"
